Workbook
Name KPI_AGENCE_ALERTE: CALCULS!$J$13
Name KPI_ATTEINTE: CALCULS!$J$7
Name KPI_CA: CALCULS!$J$5
Name KPI_COMMANDES: CALCULS!$J$11
Name KPI_CUMUL: CALCULS!$J$10
Name KPI_ECART_ALERTE: CALCULS!$J$14
Name KPI_MARGE: CALCULS!$J$9
Name KPI_OBJECTIF: CALCULS!$J$6
Name KPI_PANIER: CALCULS!$J$12
Name KPI_VAR_M1: CALCULS!$J$8
Name R_CONTROLE: CALCULS!$J$15
Name R_ECART_AGENCES: CALCULS!$J$16

Sheet Synthese
A1: Mois | B1: Agence | C1: Devise | D1: Famille | E1: CA_USD | F1: Quantite | G1: Marge_USD | H1: Nb_Lignes
A2: 45931 | B2: Kinshasa | C2: CDF | D2: Boissons | E2: 71474.89 | F2: 4328 | G2: 15795.95 | H2: 208
A3: 45931 | B3: Kinshasa | C3: CDF | D3: Conserves | E3: 71417.34 | F3: 3376 | G3: 13926.38 | H3: 166
A4: 45931 | B4: Kinshasa | C4: CDF | D4: Farine | E4: 101607.84 | F4: 3050 | G4: 14529.92 | H4: 143
A5: 45931 | B5: Kinshasa | C5: CDF | D5: Huiles | E5: 133919.58 | F5: 5245 | G5: 23034.17 | H5: 217
A6: 45931 | B6: Kinshasa | C6: CDF | D6: Riz | E6: 199205.28 | F6: 3741 | G6: 23506.22 | H6: 180
A7: 45931 | B7: Kinshasa | C7: CDF | D7: Savons | E7: 68759.97 | F7: 5162 | G7: 18152.63 | H7: 230
A8: 45931 | B8: Lubumbashi | C8: CDF | D8: Boissons | E8: 45266.5 | F8: 2767 | G8: 10003.9 | H8: 126
A9: 45931 | B9: Lubumbashi | C9: CDF | D9: Conserves | E9: 42293.35 | F9: 1982 | G9: 8247.2 | H9: 102
A10: 45931 | B10: Lubumbashi | C10: CDF | D10: Farine | E10: 58477.35 | F10: 1669 | G10: 8362.26 | H10: 83
A11: 45931 | B11: Lubumbashi | C11: CDF | D11: Huiles | E11: 74912.15 | F11: 2865 | G11: 12884.89 | H11: 138
A12: 45931 | B12: Lubumbashi | C12: CDF | D12: Riz | E12: 91677.55 | F12: 1652 | G12: 10817.95 | H12: 88
A13: 45931 | B13: Lubumbashi | C13: CDF | D13: Savons | E13: 46190.59 | F13: 3525 | G13: 12194.32 | H13: 130
... A435: 46266 | B435: Libreville | C435: XAF | D435: Savons | E435: 25513.16 | F435: 2014 | G435: 6735.47 | H435: 82

Sheet Agences
A1: Mois | B1: Agence | C1: Objectif_USD | D1: Nb_Commandes | E1: Nb_Clients
A2: 45931 | B2: Kinshasa | C2: 625000 | D2: 588 | E2: 434
A3: 45931 | B3: Lubumbashi | C3: 420000 | D3: 331 | E3: 254
A4: 45931 | B4: Abidjan | C4: 340000 | D4: 372 | E4: 279
A5: 45931 | B5: Dakar | C5: 310000 | D5: 275 | E5: 211
A6: 45931 | B6: Douala | C6: 360000 | D6: 338 | E6: 245
A7: 45931 | B7: Libreville | C7: 235000 | D7: 245 | E7: 177
A8: 45962 | B8: Kinshasa | C8: 675000 | D8: 602 | E8: 431
A9: 45962 | B9: Lubumbashi | C9: 435000 | D9: 369 | E9: 262
A10: 45962 | B10: Abidjan | C10: 380000 | D10: 388 | E10: 285
A11: 45962 | B11: Dakar | C11: 295000 | D11: 295 | E11: 215
A12: 45962 | B12: Douala | C12: 370000 | D12: 361 | E12: 277
A13: 45962 | B13: Libreville | C13: 260000 | D13: 238 | E13: 179
... A73: 46266 | B73: Libreville | C73: 250000 | D73: 242 | E73: 183

Sheet Rapport_actuel
A1: TABLEAU DE BORD
A2: GROUPE BAOBAB SARL - DIRECTION GENERALE - DOCUMENT INTERNE - NE PAS DIFFUSER - EDITION DU 01/10/2026
A4: CA TOTAL | C4: CA SEPT | E4: CA AOUT | G4: OBJECTIF | I4: ECART OBJ | K4: TX REALIS | M4: MARGE TOT
A5: 28022768 | C5: 2299043.2 | E5: 2548931.7 | G5: 2335000 | I5: -35956.76 | K5: 0.984601 | M5: 4795357.2
A6: TX MARGE | C6: NB CDE | E6: NB CLI | G6: PANIER MOY | I6: QTE TOT | K6: NB LIGNES | M6: CA MOY MENS
A7: 0.171675 | C7: 2128 | E7: 1621 | G7: 1080.38 | I7: 1112467 | K7: 52249 | M7: 2335230.7
A9: AGENCE | B9: 45931 | C9: 45962 | D9: 45992 | E9: 46023 | F9: 46054 | G9: 46082 | H9: 46113 | I9: 46143 | J9: 46174 | K9: 46204 | L9: 46235 | M9: 46266
A10: Kinshasa | B10: 646384.9 | C10: 660447.75 | D10: 743819.24 | E10: 560870.99 | F10: 586508.5 | G10: 610881.9 | H10: 638879.86 | I10: 656777.92 | J10: 614902.79 | K10: 616281.22 | L10: 700159.54 | M10: 604080.53
A11: Lubumbashi | B11: 358817.49 | C11: 378746.25 | D11: 445740.81 | E11: 319786.61 | F11: 340076.61 | G11: 356078.16 | H11: 371264.06 | I11: 392987.49 | J11: 337039.69 | K11: 379660.01 | L11: 369650.38 | M11: 348496.93
A12: Abidjan | B12: 372963.79 | C12: 400432.61 | D12: 487193.22 | E12: 360133.89 | F12: 343564.06 | G12: 439154.61 | H12: 427702.36 | I12: 408063.24 | J12: 430870.62 | K12: 424989.67 | L12: 471033.48 | M12: 432021.57
A13: Dakar | B13: 316155.65 | C13: 304190.12 | D13: 347109.57 | E13: 273643.48 | F13: 261118.92 | G13: 295816.18 | H13: 313287.77 | I13: 317417.5 | J13: 313954.73 | K13: 315087.32 | L13: 341727.03 | M13: 293963.78
A14: Douala | B14: 363755.75 | C14: 361457.67 | D14: 398073.93 | E14: 302720.71 | F14: 293676.34 | G14: 346246.87 | H14: 385830.25 | I14: 349486.73 | J14: 318247.92 | K14: 369950.93 | L14: 387359.47 | M14: 365459.32
A15: Libreville | B15: 235146.24 | C15: 273591.37 | D15: 293436.83 | E15: 228374.49 | F15: 213506.88 | G15: 260590.49 | H15: 257479.1 | I15: 252629.3 | J15: 265601.25 | K15: 236188.79 | L15: 279001.76 | M15: 255021.11
A16: TOTAL | B16: 2293223.8 | C16: 2378865.8 | D16: 2715373.6 | E16: 2045530.2 | F16: 2038451.3 | G16: 2308768.2 | H16: 2394443.4 | I16: 2377362.2 | J16: 2280617 | K16: 2342157.9 | L16: 2548931.7 | M16: 2299043.2
A19: REPARTITION AGENCE
A20: Kinshasa | B20: 7639995.1
A21: Lubumbashi | B21: 4398344.5
A22: Abidjan | B22: 4998123.1
A23: Dakar | B23: 3693472
A24: Douala | B24: 4242265.9
A25: Libreville | B25: 3050567.6
A28: REPARTITION FAMILLE
A29: Riz | B29: 608008.33
A30: Huiles | B30: 481285.75
A31: Farine | B31: 373553.01
A32: Boissons | B32: 285107.82
A33: Conserves | B33: 263547.07
A34: Savons | B34: 197891.07
A35: Épicerie sèche | B35: 51715.97
A36: Hygiène & entretien | B36: 37934.22

Sheet CALCULS
A1: La couche de calcul du tableau de bord
A2: Mois analysé | B2: 46266 | C2: ← changez cette seule cellule, tout suit
A4: Agence | B4: CA_USD | C4: Objectif_USD | D4: Atteinte | F4: Mois | G4: CA_USD | I4: Nom | J4: Valeur | K4: Ce que c'est
A5: Kinshasa | B5: =SUMIFS(t_Synth[CA_USD],t_Synth[Mois],$B$2,t_Synth[Agence],$A5) -> 604080.53 | C5: =SUMIFS(t_Agence[Objectif_USD],t_Agence[Mois],$B$2,t_Agence[Agence],$A5) -> 600000 | D5: =B5/C5 -> 1.0068009 | F5: 45931 | G5: =SUMIFS(t_Synth[CA_USD],t_Synth[Mois],$F5) -> 2293223.8 | I5: KPI_CA | J5: =SUMIFS(t_Synth[CA_USD],t_Synth[Mois],$B$2) -> 2299043.2 | K5: Chiffre d'affaires du mois analysé
A6: Lubumbashi | B6: =SUMIFS(t_Synth[CA_USD],t_Synth[Mois],$B$2,t_Synth[Agence],$A6) -> 348496.93 | C6: =SUMIFS(t_Agence[Objectif_USD],t_Agence[Mois],$B$2,t_Agence[Agence],$A6) -> 400000 | D6: =B6/C6 -> 0.87124232 | F6: 45962 | G6: =SUMIFS(t_Synth[CA_USD],t_Synth[Mois],$F6) -> 2378865.8 | I6: KPI_OBJECTIF | J6: =SUMIFS(t_Agence[Objectif_USD],t_Agence[Mois],$B$2) -> 2335000 | K6: Objectif du mois, toutes agences
A7: Abidjan | B7: =SUMIFS(t_Synth[CA_USD],t_Synth[Mois],$B$2,t_Synth[Agence],$A7) -> 432021.57 | C7: =SUMIFS(t_Agence[Objectif_USD],t_Agence[Mois],$B$2,t_Agence[Agence],$A7) -> 415000 | D7: =B7/C7 -> 1.0410158 | F7: 45992 | G7: =SUMIFS(t_Synth[CA_USD],t_Synth[Mois],$F7) -> 2715373.6 | I7: KPI_ATTEINTE | J7: =J5/J6 -> 0.98460096 | K7: Taux d'atteinte de l'objectif
A8: Dakar | B8: =SUMIFS(t_Synth[CA_USD],t_Synth[Mois],$B$2,t_Synth[Agence],$A8) -> 293963.78 | C8: =SUMIFS(t_Agence[Objectif_USD],t_Agence[Mois],$B$2,t_Agence[Agence],$A8) -> 305000 | D8: =B8/C8 -> 0.96381567 | F8: 46023 | G8: =SUMIFS(t_Synth[CA_USD],t_Synth[Mois],$F8) -> 2045530.2 | I8: KPI_VAR_M1 | J8: =J5/SUMIFS(t_Synth[CA_USD],t_Synth[Mois],EDATE($B$2,-1))-1 -> -0.098036532 | K8: Variation par rapport au mois précédent
A9: Douala | B9: =SUMIFS(t_Synth[CA_USD],t_Synth[Mois],$B$2,t_Synth[Agence],$A9) -> 365459.32 | C9: =SUMIFS(t_Agence[Objectif_USD],t_Agence[Mois],$B$2,t_Agence[Agence],$A9) -> 365000 | D9: =B9/C9 -> 1.0012584 | F9: 46054 | G9: =SUMIFS(t_Synth[CA_USD],t_Synth[Mois],$F9) -> 2038451.3 | I9: KPI_MARGE | J9: =SUMIFS(t_Synth[Marge_USD],t_Synth[Mois],$B$2)/J5 -> 0.17167454 | K9: Taux de marge du mois
A10: Libreville | B10: =SUMIFS(t_Synth[CA_USD],t_Synth[Mois],$B$2,t_Synth[Agence],$A10) -> 255021.11 | C10: =SUMIFS(t_Agence[Objectif_USD],t_Agence[Mois],$B$2,t_Agence[Agence],$A10) -> 250000 | D10: =B10/C10 -> 1.0200844 | F10: 46082 | G10: =SUMIFS(t_Synth[CA_USD],t_Synth[Mois],$F10) -> 2308768.2 | I10: KPI_CUMUL | J10: =SUM(t_Synth[CA_USD]) -> 28022768 | K10: Chiffre d'affaires cumulé de l'exercice
F11: 46113 | G11: =SUMIFS(t_Synth[CA_USD],t_Synth[Mois],$F11) -> 2394443.4 | I11: KPI_COMMANDES | J11: =SUMIFS(t_Agence[Nb_Commandes],t_Agence[Mois],$B$2) -> 2128 | K11: Nombre de commandes du mois
F12: 46143 | G12: =SUMIFS(t_Synth[CA_USD],t_Synth[Mois],$F12) -> 2377362.2 | I12: KPI_PANIER | J12: =J5/J11 -> 1080.3775 | K12: Panier moyen par commande
F13: 46174 | G13: =SUMIFS(t_Synth[CA_USD],t_Synth[Mois],$F13) -> 2280617 | I13: KPI_AGENCE_ALERTE | J13: =INDEX($A$5:$A$10,MATCH(MIN($D$5:$D$10),$D$5:$D$10,0)) -> Lubumbashi | K13: L'agence la plus loin de son objectif
F14: 46204 | G14: =SUMIFS(t_Synth[CA_USD],t_Synth[Mois],$F14) -> 2342157.9 | I14: KPI_ECART_ALERTE | J14: =INDEX($B$5:$B$10,MATCH(MIN($D$5:$D$10),$D$5:$D$10,0))-INDEX($C$5:$C$10,MATCH(MIN($D$5:$D$10),$D$5:$D$10,0)) -> -51503.07 | K14: Son écart à l'objectif, en USD
F15: 46235 | G15: =SUMIFS(t_Synth[CA_USD],t_Synth[Mois],$F15) -> 2548931.7 | I15: R_CONTROLE | J15: =J10-SUM($G$5:$G$16) -> 0 | K15: Cumul moins la somme des douze mois — doit valoir 0
F16: 46266 | G16: =SUMIFS(t_Synth[CA_USD],t_Synth[Mois],$F16) -> 2299043.2 | I16: R_ECART_AGENCES | J16: =J5-SUM($B$5:$B$10) -> 0 | K16: Mois moins la somme des six agences — doit valoir 0
A19: Les douze noms se créent en un geste : sélectionner I4:J16, puis Formules > Depuis sélection > Colonne de gauche.

Sheet TABLEAU_DE_BORD
B2: Septembre : 98,5 % de l'objectif — Lubumbashi décroche de 51 503 USD
B3: Groupe Baobab · exercice 2025-2026 · montants en dollars · source J06_Synthese_Mensuelle.xlsx, actualisée le 1er octobre 2026
B5: Chiffre d'affaires | C5: Atteinte de l'objectif | D5: Variation sur un mois | E5: Taux de marge
B6: =KPI_CA -> 2299043.2 | C6: =KPI_ATTEINTE -> 0.98460096 | D6: =KPI_VAR_M1 -> -0.098036532 | E6: =KPI_MARGE -> 0.17167454
B8: L'agence à traiter cette semaine
B9: =KPI_AGENCE_ALERTE -> Lubumbashi | D9: =KPI_ECART_ALERTE -> -51503.07 | E9: sous son objectif
B12: Agence | C12: CA | D12: Objectif | E12: Atteinte
B13: =CALCULS!A5 -> Kinshasa | C13: =CALCULS!B5 -> 604080.53 | D13: =CALCULS!C5 -> 600000 | E13: =CALCULS!D5 -> 1.0068009
B14: =CALCULS!A6 -> Lubumbashi | C14: =CALCULS!B6 -> 348496.93 | D14: =CALCULS!C6 -> 400000 | E14: =CALCULS!D6 -> 0.87124232
B15: =CALCULS!A7 -> Abidjan | C15: =CALCULS!B7 -> 432021.57 | D15: =CALCULS!C7 -> 415000 | E15: =CALCULS!D7 -> 1.0410158
B16: =CALCULS!A8 -> Dakar | C16: =CALCULS!B8 -> 293963.78 | D16: =CALCULS!C8 -> 305000 | E16: =CALCULS!D8 -> 0.96381567
B17: =CALCULS!A9 -> Douala | C17: =CALCULS!B9 -> 365459.32 | D17: =CALCULS!C9 -> 365000 | E17: =CALCULS!D9 -> 1.0012584
B18: =CALCULS!A10 -> Libreville | C18: =CALCULS!B10 -> 255021.11 | D18: =CALCULS!C10 -> 250000 | E18: =CALCULS!D10 -> 1.0200844

Sheet README
A1: README
A3: Question de décision | B3: Quelle agence dois-je aller voir cette semaine ?
A4: Destinataire | B4: Le comité de direction — huit secondes de lecture, sur un téléphone.
A5: Source | B5: J06_Synthese_Mensuelle.xlsx — t_Synth et t_Agence
A6: Maille | B6: t_Synth : mois × agence × famille. t_Agence : mois × agence.
A7: Ce qui est additif | B7: CA_USD, Marge_USD, Quantite, Nb_Lignes, Objectif_USD
A8: Ce qui ne l'est pas | B8: Nb_Commandes : une commande portant trois familles serait comptée trois fois si on la sommait depuis t_Synth. Elle vit dans t_Agence.
A9: Actualisation | B9: Changer CALCULS!B2, puis Ctrl+Alt+F5. Rien d'autre à toucher.
A10: Contrôles | B10: R_CONTROLE et R_ECART_AGENCES doivent valoir 0 avant tout envoi.
A11: Ce qui a été retiré | B11: Dix des quatorze indicateurs, et les trois camemberts.

Sheet ANNEXE_IA
A1: ANNEXE_IA
A3: Prompt 1 | B3: Voici la capture de mon tableau de bord. Un directeur le regarde huit secondes puis on le masque. Quelles trois informations aura-t-il retenues, et lesquelles voulait-il ?
A4: Prompt 2 | B4: Propose-moi une palette de cinq couleurs lisible par un daltopique deutan, imprimable en noir et blanc, et projetable.
A5: Prompt 3 | B5: Réécris ce titre pour qu'il affirme au lieu d'étiqueter. Il doit contenir un chiffre et un verbe.
A6: Erreur détectée | B6: L'IA a proposé une palette rouge / vert pour distinguer au-dessus et en dessous de l'objectif. Illisible pour environ 8 % des hommes — soit, sur un comité de six, une personne.
A7: Quel V l'a attrapée | B7: V4 — Vérité métier. Le test : imprimer en noir et blanc. Les deux couleurs deviennent le même gris.
