Workbook

Sheet Suivi
A1: Date_Vente | B1: Commercial | C1: Client | D1: Reference | E1: Famille | F1: Quantite | G1: Montant_USD | H1: Cout_USD | I1: Marge_Pct
A2: 45931 | B2: Grace Kasongo | C2: BOULANGERIE RUASHI 09 | D2: REF-0221 | E2: Huiles | F2: 3 | G2: 114.26 | H2: 89.17 | I2: =(G2-H2)/H2 -> 0.28137266
A3: 45931 | B3: Grace Kasongo | C3: BOULANGERIE RUASHI 09 | D3: REF-0448 | E3: Huiles | F3: 12 | G3: 315.22 | H3: 268.39 | I3: =(G3-H3)/H3 -> 0.17448489
A4: 45931 | B4: Grace Kasongo | C4: BOULANGERIE RUASHI 09 | D4: REF-0475 | E4: Savons | F4: 49 | G4: 328.41 | H4: 242.59 | I4: =(G4-H4)/H4 -> 0.35376561
A5: 45931 | B5: Grace Kasongo | C5: BOULANGERIE RUASHI 09 | D5: REF-0673 | E5: Savons | F5: 7 | G5: 57.4 | H5: 46.21 | I5: =(G5-H5)/H5 -> 0.24215538
A6: 45931 | B6: Nadège Kalala | C6: KIOSQUE ABOBO 05 | D6: REF-0324 | E6: Huiles | F6: 10 | G6: 322.14 | H6: 278.2 | I6: =(G6-H6)/H6 -> 0.15794393
A7: 45931 | B7: Nadège Kalala | C7: KIOSQUE ABOBO 05 | D7: REF-0009 | E7: Huiles | F7: 11 | G7: 394.37 | H7: 297.89 | I7: =(G7-H7)/H7 -> 0.32387794
A8: 45931 | B8: Nadège Kalala | C8: ALIMENTATION NGIRI 02 | D8: REF-0082 | E8: Boissons | F8: 13 | G8: 115.66 | H8: 93.78 | I8: =(G8-H8)/H8 -> 0.23331201
A9: 45931 | B9: Nadège Kalala | C9: ALIMENTATION NGIRI 02 | D9: REF-0695 | E9: Farine | F9: 17 | G9: 444.9 | H9: 360.05 | I9: =(G9-H9)/H9 -> 0.23566171
A10: 45931 | B10: Nadège Kalala | C10: ALIMENTATION NGIRI 02 | D10: REF-0054 | E10: Huiles | F10: 15 | G10: 423.44 | H10: 357.01 | I10: =(G10-H10)/H10 -> 0.18607322
A11: 45931 | B11: Nadège Kalala | C11: ALIMENTATION NGIRI 02 | D11: REF-0658 | E11: Farine | F11: 28 | G11: 1009.18 | H11: 635.35 | I11: =(G11-H11)/H11 -> 0.58838436
A12: 45931 | B12: Nadège Kalala | C12: ALIMENTATION NGIRI 02 | D12: REF-0208 | E12: Savons | F12: 29 | G12: 500 | H12: 332.01 | I12: =(G12-H12)/H12 -> 0.50597874
A13: 45931 | B13: Sylvie Nguema | C13: GROSSISTE BINZA 33 | D13: REF-0023 | E13: Boissons | F13: 6 | G13: 92.44 | H13: 81.27 | I13: =(G13-H13)/H13 -> 0.13744309
... A421: 45950 | B421: Nadège Kalala | C421: KIOSQUE VICTOIRE 02 | D421: REF-0491 | E421: Savons | F421: 6 | G421: 78.86 | H421: 51.32 | I421: =(G421-H421)/H421 -> 0.53663289

Sheet Comparaison
A1: Six façons de faire une somme, et ce que chacune ignore
A3: Formule | B3: Résultat | C3: Ce qu'elle ignore
A4: SOMME — ignore tout le monde | B4: =SUM(Suivi!$G$2:$G$421) -> 199773.06 | C4: compte les lignes masquées et les lignes filtrées
A5: SOUS.TOTAL(9) — ignore le filtre | B5: =SUBTOTAL(9,Suivi!$G$2:$G$421) -> 199773.06 | C5: suit le filtre, mais compte les lignes masquées à la main
A6: SOUS.TOTAL(109) — ignore le filtre ET le masquage | B6: =SUBTOTAL(109,Suivi!$G$2:$G$421) -> 198319.07 | C6: c'est le seul qui suit les deux
A7: AGREGAT(9;5) — ignore les lignes masquées | B7: =_xlfn.AGGREGATE(9,5,Suivi!$G$2:$G$421) -> 198319.07 | C7: même résultat que SOUS.TOTAL(109), écrit autrement
A8: SOMME sur la colonne Marge_Pct | B8: =SUM(Suivi!$I$2:$I$421) -> #DIV/0! | C8: rend #DIV/0! : trois erreurs contaminent toute la somme
A9: MOYENNE des marges | B9: =AVERAGE(Suivi!$I$2:$I$421) -> #DIV/0! | C9: rend #DIV/0! elle aussi — aucune fonction classique ne s'en sort
A10: AGREGAT(1;6) — la moyenne qui survit | B10: =_xlfn.AGGREGATE(1,6,Suivi!$I$2:$I$421) -> 0.34866325 | C10: 1 = MOYENNE, 6 = ignorer les erreurs. C'est la seule qui répond.
A11: AGREGAT(1;7) — erreurs ET lignes masquées | B11: =_xlfn.AGGREGATE(1,7,Suivi!$I$2:$I$421) -> 0.34911951 | C11: 7 = les deux à la fois. C'est celle des tableaux de bord.
